gen2_model,gen2_variant,gen2_target_tag,champion,n_test,b_champ_only_correct,c_gen2_only_correct,mcnemar_statistic,p_value,winner,significant_p_lt_0_05,gen2_f1_minority,champion_f1_minority,delta_f1_minority
bertimbau-base,raw-ml256-bin,bin,linearsvc__tfidf-aggr-mc8,16627,307,389,9.426724137931034,0.002138459475804508,gen2,True,0.8754270097927579,0.8535506402793946,0.021876369513363247
bertimbau-base,raw-ml256-mc8,mc8,linearsvc__tfidf-aggr-mc8,16627,302,411,16.359046283309958,5.240542327628128e-05,gen2,True,0.8830409356725146,0.8535506402793946,0.02949029539311998
finbert-ptbr,raw-ml256-bin,bin,linearsvc__tfidf-aggr-mc8,16627,326,373,3.027181688125894,0.08188012787065545,gen2,False,0.8654646324549237,0.8535506402793946,0.01191399217552902
finbert-ptbr,raw-ml256-mc8,mc8,linearsvc__tfidf-aggr-mc8,16627,305,409,14.858543417366947,0.00011588198933398236,gen2,True,0.8814095324147279,0.8535506402793946,0.027858892135333213
